Study Identifier,Intervention,Intervention Name,Intervention Type,Adverse drug reaction Endpoint %,Adverse drug reaction Endpoint N, Adverse effects - physician-rated with the DOTES Endpoint %, Adverse effects - physician-rated with the DOTES Endpoint N,Adverse events Endpoint %,Adverse events Endpoint N,Adverse Events 3 months [Acute phase post-intervention] %,Adverse Events 3 months [Acute phase post-intervention] N,Adverse Events 6 months [Continuation phase post-intervention] %,Adverse Events 6 months [Continuation phase post-intervention] N,Adverse Events At least one adverse event of at least moderate intensity %,Adverse Events At least one adverse event of at least moderate intensity N,Adverse Events Baseline %,Adverse Events Baseline N,Adverse Events Ednpoint %,Adverse Events Ednpoint N,Adverse Events Endpoint %,Adverse Events Endpoint N,Adverse Events Endpoint (completer analysis n=74) %,Adverse Events Endpoint (completer analysis n=74) N,Adverse Events Endpoint (N discontinued treatment due to adverse events) %,Adverse Events Endpoint (N discontinued treatment due to adverse events) N,"Adverse Events Endpoint (no tabulation, just given in a figure) %","Adverse Events Endpoint (no tabulation, just given in a figure) N",Adverse Events No AEs %,Adverse Events No AEs N,Adverse Events Patient drop-out due to adverse event %,Adverse Events Patient drop-out due to adverse event N,Adverse events (moderate to severe side-effects) Endpoint %,Adverse events (moderate to severe side-effects) Endpoint N
Lee 2010,Placebo,NA,Placebo,,,,,,,,,,,,,,,,,12,,,,,,,,,,,,,
Lee 2010,Venlafaxine - 75mg,Venlafaxine,Antidepressant,,,,,,,,,,,,,,,,,52,,,,,,,,,,,,,
dsrhv 2018,Control,Control,Waitlist,,,,,,,,,,,,,,,,,,,,,,,,,,,,,,
dsrhv 2018,Amitriptyline 10mg,Amitriptyline,Antidepressant,,,,,,,,,,,,,,,,,,,,,,,,,,,,,,
dsrhv 2018,Amitriptyline 10mg + splint,Amitriptyline + splint,Antidepressant + Splint,,,,,,,,,,,,,,,,,,,,,,,,,,,,,,
dsrhv 2018,Acupuncture,Acupuncture,Acupuncture,,,,,,,,,,,,,,,,,,,,,,,,,,,,,,
Keskinbora 2006,Gabapentin 900 – 3600mg,Gabapentin,Anticonvulsant,,,,,,,,,,,,,,,,,23.1,6,,,,,,,,,,,,
Keskinbora 2006,Amitriptyline 25 – 150mg,Amitriptyline,Antidepressant,,,,,,,,,,,,,,,,,69.2,18,,,,,,,,,,,,
Cannon 1994,Placebo,Placebo,Placebo,,,,,,,,,,,,,,,,,55,11,,,,,,,,,,,,
Cannon 1994,Clonidine,Clonidine,Antihypertensive,,,,,,,,,,,,,,,,,70,14,,,,,,,,,,,,
Cannon 1994,Imipramine 50mg,Imipramine,Antidepressant,,,,,,,,,,,,,,,,,75,15,,,,,,,,,,,,
Shlay 1998,Placebo,Placebo,Placebo,,,,,,,,,,,,,,,,,,,,,,,,,,,,,,
Shlay 1998,Amitriptyline 75mg,Amitriptyline,Antidepressant,,,,,,,,,,,,,,,,,,,,,,,,,,,,,,
Kalso 1996,Placebo,Placebo,Placebo,,,,,,,,,,,,,,,,,,,,,,,,,,,,,,
Kalso 1996,Amitriptyline 100mg,Amitriptyline,Antidepressant,,,,,,,,,,,,,,,,,,,,,,,,,,,,,,
Rintala 2007,Gabapentin ≤3600mg,Gabapentin,Anticonvulsant,,,,,,,,,,,,,,,,,,,,,,,,,,,,,,
Rintala 2007,Amitriptyline ≤150mg,Amitriptyline,Antidepressant,,,,,,,,,,,,,,,,,,,,,,,,,,,,,,
Rintala 2007,Diphenhydramine ≤75mg,Diphenhydramine,Antihistamine,,,,,,,,,,,,,,,,,,,,,,,,,,,,,,
Richards 2015,Placebo,Placebo,Placebo,,,,,,,,,,,,,,,,,,,,,,,,,,,,,,
Richards 2015,Venlafaxine 37.5 - 225mg,Venlafaxine XR,Antidepressant,,,,,,,,,,,,,,,,,,,,,,,,,,,,,,
GlaxoSmithKline 2005,Placebo,Placebo,Placebo,,,,,,,,,,,,,,,,,,,,,,,,,,,,,,
GlaxoSmithKline 2005,Paroxetine 20mg,Paroxetine,Antidepressant,,,,,,,,,,,,,,,,,,,,,,,,,,,,,,
Atkinson 2007,Benztropine mesylate 0.5 [active placebo],Benztropine mesylate,Active Placebo,,,,,,,,,,,,,,,,,,,,,,,,,,,,,,
Atkinson 2007,Desipramine - low,Desipramine,Antidepressant,,,,,,,,,,,,,,,,,,,,,,,,,,,,,,
Atkinson 2007,Desipramine - medium,Desipramine,Antidepressant,,,,,,,,,,,,,,,,,,,,,,,,,,,,,,
Atkinson 2007,Desipramine - high,Desipramine,Antidepressant,,,,,,,,,,,,,,,,,,,,,,,,,,,,,,
Atkinson 2007,Fluoxetine - low,Fluoxetine,Antidepressant,,,,,,,,,,,,,,,,,,,,,,,,,,,,,,
Atkinson 2007,Fluoxetine - medium,Fluoxetine,Antidepressant,,,,,,,,,,,,,,,,,,,,,,,,,,,,,,
Atkinson 2007,Fluoxetine - high,Fluoxetine,Antidepressant,,,,,,,,,,,,,,,,,,,,,,,,,,,,,,
Riesner 2008,Placebo,Placebo,Placebo,,,,,,,,,,,,,,,,,70,21,,,,,,,,,,,,
Riesner 2008,Fluvoxamine - 50-150mg,Fluvoxamine,Antidepressant,,,,,,,,,,,,,,,,,93.3,28,,,,,,,,,,,,
Gonzalez-Viejo 2005,Physical Therapy,Physiotherapy and ultrasonography,Ultrasonography + physiotherapy,,,,,,,,,,,,,,,,,,,,,,,,,,,,,,
Gonzalez-Viejo 2005,Sertraline - 50mg,Sertraline,Antidepressant,,,,,,,,,,,,,,,,,,,,,,,,,,,,,,
Watson 1998,Amitriptyline - ≥10mg,Amitriptyline,Antidepressant,,,,,,,,,,,,,,,,,93.9,31,,,,,,,,,,,,
Watson 1998,Nortriptyline - ≥10mg,Nortriptyline,Antidepressant,,,,,,,,,,,,,,,,,93.9,31,,,,,,,,,,,,
Scudds 1989,Placebo,Placebo,Placebo,,,,,,,,,,,,,,,,,,,,,,,,,,,,,,
Scudds 1989,Amitriptyline,Amitriptyline,Antidepressant,,,,,,,,,,,,,,,,,,,,,,,,,,,,,,
Graff-Radford 2000,Amitriptyline (Group 1),Amitriptyline,Antidepressant,,,,,,,,,,,,,,,,,,,,,,,,,,,,,,
Graff-Radford 2000,Amitriptyline + Fluphenazine (Group 2),Amitriptyline + Fluphenazine,Antidepressant + Antipsychotic,,,,,,,,,,,,,,,,,,,,,,,,,,,,,,
Graff-Radford 2000,Fluphenazine (Group 3),Fluphenazine,Antipsychotic,,,,,,,,,,,,,,,,,,,,,,,,,,,,,,
Graff-Radford 2000,Glycopyrrolate (Active Placebo; Group 4),Glycopyrrolate,Active Placebo,,,,,,,,,,,,,,,,,,,,,,,,,,,,,,
Zitman 1990,Riboflavin - 15mg,Riboflavin ,Active placebo: Vitamin B2,,,,,,,,,,,,,,,,,,,,,,,,,,,,,,
Zitman 1990,Amitriptyline - 75mg + Riboflavin - 15mg,Amitriptyline + riboflavin,Antidepressant + Active placebo: Vitamin B2,,,,,,,,,,,,,,,,,,,,,,,,,,,,,,
Ozerbil 2006,Amitriptyline - 25mg + Placebo,Amitriptyline,Antidepressant,,,,,,,,,,,,,,,,,,,,,,,,,,,,,,
Ozerbil 2006,Fluoxetine - 20mg + Placebo,Fluoxetine,Antidepressant,,,,,,,,,,,,,,,,,,,,,,,,,,,,,,
Pickering 2018,Placebo,Placebo,Placebo,,,,,,,,,,,,,,,,,92,,,,,,,,,,,,,
Pickering 2018,Milnacipran - 100mg,Milnacipran,Antidepressant,,,,,,,,,,,,,,,,,96,,,,,,,,,,,,,
Goldenberg 1996,Placebo,Placebo,Placebo,,,,,,,,,,,,,,,,,,,,,,,,,,,,,,
Goldenberg 1996,Amitriptyline - 25mg + Placebo,Amitriptyline,Antidepressant,,,,,,,,,,,,,,,,,,,,,,,,,,,,,,
Goldenberg 1996,Fluoxetine - 20mg + Placebo,Fluoxetine,Antidepressant,,,,,,,,,,,,,,,,,,,,,,,,,,,,,,
Goldenberg 1996,Amitriptyline - 25mg + Fluoxetine - 20mg,Amitriptyline + Fluoxetine,Combination of Antidepressant + Antidepressant,,,,,,,,,,,,,,,,,,,,,,,,,,,,,,
Alcoff 1982,Placebo,Placebo,Placebo,,,,,,,,,,,,,,,,,,,,,,,,,,,,,,
Alcoff 1982,Imipramine - 150mg,Imipramine,Antidepressant,,,,,,,,,,,,,,,,,,,,,,,,,,,,,,
Caruso 1987,Placebo,Placebo,Placebo,,,,,,,,,,,,,,,,,20,6,,,,,,,,,,,,
Caruso 1987,Dothiepin - 75mg,Dothiepin,Antidepressant,,,,,,,,,,,,,,,,,60,18,,,,,,,,,,,,
Max 1992,Desipramine 12.5 - 150mg,Desipramine,Antidepressant,,,,,,,,,,,,,,,,,76,30,,,,,,,,,,,,
Max 1992,Amitriptyline 12.5 - 150mg,Amitriptyline,Antidepressant,,,,,,,,,,,,,,,,,81,31,,,,,,,,,,,,
Tammiala-Salonen 1999,Placebo,Placebo,Placebo,,,,,,,,,,,,,,,,,,,,,,,,,,,,,,
Tammiala-Salonen 1999,Trazodone 200mg,Trazodone,Antidepressant,,,,,,,,,,,,,,,,,,,,,,,,,,,,,,
Goldenberg 1986,Amitriptyline + naproxen (A+N),Amitriptyline + naproxen,Antidepressant + NSAID,,,,,,,,,,,,,,,,,,,,,,,,,,,,,,
Goldenberg 1986,Placebo + naproxen (N),Naproxen,Placebo + NSAID,,,,,,,,,,,,,,,,,,,,,,,,,,,,,,
Goldenberg 1986,Amitriptyline + placebo (A),Amitriptyline,Antidepressant + placebo,,,,,,,,,,,,,,,,,,,,,,,,,,,,,,
Goldenberg 1986,Placebo + placebo (PL),NA,Placebo,,,,,,,,,,,,,,,,,,,,,,,,,,,,,,
Bateman 2011,Milnacipran 50 - 200mg,Milnacipran,Antidepressant,,,,,,,,,,,,,,,,,74.1,63,,,,,,,,,,,,
Bateman 2011,Placebo,NA,Placebo,,,,,,,,,,,,,,,,,76.2,16,,,,,,,,,,,,
Pilowsky 1990,Amitriptyline + pyschotherapy,Amitriptyline + psychotherapy,Antidepressant + psychological therapy,,,,,,,,,,,,,,,,,,,,,,,,,,,,,,
Pilowsky 1990,Amitriptyline + support,Amitriptyline + support,Antidepressant + clinician support,,,,,,,,,,,,,,,,,,,,,,,,,,,,,,
Pilowsky 1990,Placebo + psychotherapy,Placebo + psychotherapy,Placebo + psychological therapy,,,,,,,,,,,,,,,,,,,,,,,,,,,,,,
Pilowsky 1990,Placebo + support,Placebo + support,Placebo + clinician support,,,,,,,,,,,,,,,,,,,,,,,,,,,,,,
Morello 1999,Gabapentin 900 - 1800mg,Gabapentin,Anticonvulsant,,,,,,,,,,,,,,,,,72,18,,,,,,,,,,,,
Morello 1999,Amitriptyline 25 - 75mg,Amitriptyline,Antidepressant,,,,,,,,,,,,,,,,,68,17,,,,,,,,,,,,
Ward 1986,Doxepin,Doxepin,Antidepressant,,,,,,,,,,,,,,,,,,,,,,,,,,,,,,
Ward 1986,Desipramine,Desipramine,Antidepressant,,,,,,,,,,,,,,,,,,,,,,,,,,,,,,
Vitton 2004,Placebo,NA,Placebo,,,,,,,,,,,,,,,,,,,,,,,,,,,,,,
Vitton 2004,Milnacipran 25-200mg/day [q.d],Milnacipran,Antidepressant,,,,,,,,,,,,,,,,,,,,,,,,,,,,,,
Vitton 2004,Milnacipran 25-200mg/day [b.i.d],Milnacipran,Antidepressant,,,,,,,,,,,,,,,,,,,,,,,,,,,,,,
Sencan 2004,Aerobic exercise (Group I),Aerobic exercise,Exercise,,,,,,,,,,,,,,,,,,,,,,,,,,,,,,
Sencan 2004,Paroxetine 20mg (Group II),Paroxetine,Antidepressant,,,,,,,,,,,,,,,,,,,,,,,,,,,,,,
Sencan 2004,Placebo TENS (Group III),Transcutaneous Electrical Nerve Stimulation,Active comparator (Transcutaneous Electrical Nerve Stimulation),,,,,,,,,,,,,,,,,,,,,,,,,,,,,,
Watson 1992,Amitriptyline,Amitriptyline,Antidepressant,,,,,,,,,,,,,,,,,57.14,20,,,,,,,,,,,,
Watson 1992,Maprotiline,Maprotiline,Antidepressant,,,,,,,,,,,,,,,,,80,28,,,,,,,,,,,,
Talley 2008,Placebo,Placebo,Placebo,,,,,,,,,,,,,,,,,,,,,,,,,,,,,,
Talley 2008,Imipramine - 50mg,Imipramine,Antidepressant,,,,,,,,,,,,,,,,,,,,,,,,,,,,,,
Talley 2008,Citalopram - 40mg,Citalopram,Antidepressant,,,,,,,,,,,,,,,,,,,,,,,,,,,,,,
Skljarevski 2009,Placebo,NA,Placebo,,,,,,,,,,,,,,,,,58.97,69,,,,,,,,,,,,
Skljarevski 2009,Duloxetine - 20mg,Duloxetine,Antidepressant,,,,,,,,,,,,,,,,,66.1,39,,,,,,,,,,,,
Skljarevski 2009,Duloxetine - 60mg,Duloxetine,Antidepressant,,,,,,,,,,,,,,,,,67.24,78,,,,,,,,,,,,
Skljarevski 2009,Duloxetine - 120mg,Duloxetine,Antidepressant,,,,,,,,,,,,,,,,,71.43,80,,,,,,,,,,,,
Ware 2010,Nabilone 0.5-1.0mg,NA,Synthetic cannabinoid,,,,,,,,,,,,,,,,,,,,,,,,,,,,,,
Ware 2010,Amitriptyline 10-20mg,Amitriptyline,Antidepressant,,,,,,,,,,,,,,,,,,,,,,,,,,,,,,
Muller 2008,Placebo,NA,Placebo,,,,,,,,,,,,,,,,,,,,,,,,,,,,,,
Muller 2008,Escitalopram 10-20mg,Escitalopram,Antidepressant,,,,,,,,,,,,,,,,,,,,,,,,,,,,,,
Khoromi 2007,Benzotropine ≤1mg,NA,Active placebo,,,,,,,,,,,,,,,,,50,14,,,,,,,,,,,,
Khoromi 2007,Morphine ≥15 and ≤90mg,NA,Opioid,,,,,,,,,,,,,,,,,93,26,,,,,,,,,,,,
Khoromi 2007,Nortriptyline ≥25 and ≤100mg,Nortriptyline,Antidepressant,,,,,,,,,,,,,,,,,68,19,,,,,,,,,,,,
Khoromi 2007,Morphine + Nortriptyline,Nortriptyline,Combination opioid and antidepressant,,,,,,,,,,,,,,,,,89,25,,,,,,,,,,,,
Shinichi 2016,Placebo,NA,Placebo,,,,,,,,,,,,,,,,,59.8,134,,,,,,,,,,,,
Shinichi 2016,Duloxetine 60mg,Duloxetine,Antidepressant,,,,,,,,,,,,,,,,,71.4,167,,,,,,,,,,,,
Vollmer 2014,Placebo,NA,Placebo,,,,,,,,,,,,,,,,,,,,,,,,,,,,,,
Vollmer 2014,Duloxetine 60mg,Duloxetine,Antidepressant,,,,,,,,,,,,,,,,,,,,,,,,,,,,,,
Clauw 2008,Placebo,NA,Placebo,,,,,,,,,,,,,,,,,79.1,317,,,,,,,,,,,,
Clauw 2008,Milnacipran 100mg,Milnacipran,Antidepressant,,,,,,,,,,,,,,,,,89.7,358,,,,,,,,,,,,
Clauw 2008,Milnacipran 200mg,Milnacipran,Antidepressant,,,,,,,,,,,,,,,,,87.4,346,,,,,,,,,,,,
Bansal 2009,Pregabalin 75-300mg,Pregabalin,Painkiller,,,,,,,,,,,,,,,,,,,,,,,,,,,,,,
Bansal 2009,Amitriptyline 10-50 mg,Amitriptyline,Antidepressant,,,,,,,,,,,,,,,,,,,,,,,,,,,,,,
Aragona 2005,Citalopram - 40mg,Citalopram,Antidepressant,,,100,15,,,,,,,,,,,,,,,,,,,,,,,,,,
Aragona 2005,Reboxetine - 8mg,Reboxetine,Antidepressant,,,100,14,,,,,,,,,,,,,,,,,,,,,,,,,,
Drossman 2003,Placebo,Placebo, Placebo,,,,,,,,,,,,,,,,,,,,,,,,,,,,,,
Drossman 2003,Desipramine - 150mg,Desipramine,Antidepressant,,,,,,,,,,,,,,,,,,,,,,,,,,,,,,
Drossman 2003,CBT,Cognitive behavioural therapy,Psychological therapy,,,,,,,,,,,,,,,,,,,,,,,,,,,,,,
Drossman 2003,EDU,Modified-attentional control sessions,Education,,,,,,,,,,,,,,,,,,,,,,,,,,,,,,
Allen 2017,Placebo,Placebo,Placebo,,,,,,,,,,,,,,,,,82,106,,,,,,,,,,,,
Allen 2017,Desvenlafaxine  - 50mg,Desvenlafaxine,Antidepressant,,,,,,,,,,,,,,,,,90,123,,,,,,,,,,,,
Allen 2017,Desvenlafaxine  - 100mg,Desvenlafaxine,Antidepressant,,,,,,,,,,,,,,,,,88,122,,,,,,,,,,,,
Allen 2017,Desvenlafaxine  - 200mg,Desvenlafaxine,Antidepressant,,,,,,,,,,,,,,,,,86,122,,,,,,,,,,,,
Allen 2017,Desvenlafaxine  - 400mg,Desvenlafaxine,Antidepressant,,,,,,,,,,,,,,,,,91,136,,,,,,,,,,,,
Vahedi 2005,Placebo,Placebo,Placebo,,,,,,,,,,,,,,,,,,,,,,,,,,,,,,
Vahedi 2005,Fluoxetine - 20mg,Fluoxetine,Antidepressant,,,,,,,,,,,,,,,,,,,,,,,,,,,,,,
Nct 2003,Benztropine + CBT,Benztropine + cognitive behavioural therapy,Active placebo + psychological therapy,,,,,,,,,,,,,,,,,63.16,24,,,,,,,,,,,,
Nct 2003,Nortriptyline + CBT,Nortriptyline + cognitive behavioural therapy,Antidepressant + psychological therapy,,,,,,,,,,,,,,,,,78.05,32,,,,,,,,,,,,
Nct 2003,Benztropine + MGT,Benztropine + disease management,Active placebo + disease management ,,,,,,,,,,,,,,,,,62.5,15,,,,,,,,,,,,
Nct 2003,Nortriptyline + MGT,Nortriptyline + disease management,Antidepressant + disease management,,,,,,,,,,,,,,,,,56.76,21,,,,,,,,,,,,
Nct 2010,Placebo,Placebo,Placebo,,,,,,,,,,,,,,,,,50,10,,,,,,,,,,,,
Nct 2010,Milnacipran - 100-200mg,Milnacipran,Antidepressant,,,,,,,,,,,,,,,,,70,14,,,,,,,,,,,,
Kayiran 2010,Neurofeedback,NA,Neurofeedback,,,,,,,,,,,,,,,,,,,,,,,,,,,,,,
Kayiran 2010,Escitalopram - 10mg,Escitalopram,Antidepressant,,,,,,,,,,,,,,,,,,,,,,,,,,,,,,
Hammody 2015,Pregabalin - 75mg,Pregabalin,Anticonvulsant,,,,,,,,,,,,,,,,,,,,,,,,,,,,,,
Hammody 2015,Amitriptyline - 25mg,Amitriptyline,Antidepressant,,,,,,,,,,,,,,,,,,,,,,,,,,,,,,
Hussain 2011,Melatonin - 5mg + Placebo,Melatonin,Hormone + Placebo,,,,,,,,,,,,,,,,,,,,,,,,,,,,,,
Hussain 2011,Fluoxetine - 20mg + Placebo,Fluoxetine,Antidepressant + Placebo,,,,,,,,,,,,,,,,,,,,,,,,,,,,,,
Hussain 2011,Fluoxetine - 20mg + Melatonin - 3mg,Fluoxetine,Antidepressant + Hormone,,,,,,,,,,,,,,,,,,,,,,,,,,,,,,
Hussain 2011,Fluoxetine - 20mg + Melatonin - 5mg,Fluoxetine,Antidepressant + Hormone,,,,,,,,,,,,,,,,,,,,,,,,,,,,,,
Rani 1996,Placebo,Placebo,Placebo,,,,,,,,,,,,,,,,,,,,,,,,,,,,,,
Rani 1996,Fluoxetine - 20mg,Fluoxetine,Antidepressant,,,,,,,,,,,,,,,,,,,,,,,,,,,,,,
Rani 1996,Amitriptyline - 25mg,Amitriptyline,Antidepressant,,,,,,,,,,,,,,,,,,,,,,,,,,,,,,
Spinhoven 2010,Placebo,Placebo,Placebo,,,,,,,,,,,,,,,,,,,,,,,,,,,,,,
Spinhoven 2010,Paroxetine - 10-40mg,Paroxetine,Antidepressant,,,,,,,,,,,,,,,,,,,,,,,,,,,,,,
Spinhoven 2010,CBT,Cognitive Behavioural Therapy,Psychological therapy,,,,,,,,,,,,,,,,,,,,,,,,,,,,,,
vanOphoven 2004,Placebo,Placebo,Placebo,,,,,,,,,,,,,,,,,,,,,,,,,,,,,,
vanOphoven 2004,Amitriptyline - <100mg,Amitriptyline,Antidepressant,,,,,,,,,,,,,,,,,,,,,,,,,,,,,,
Vrethem 1997,Amitriptyline 75mg (people with diabetes),Amitriptyline,Antidepressant,,,,,,,,,,,,,,,,,,,,,,,,,,,,,,
Vrethem 1997,Amitriptyline 75mg (people without diabetes),Amitriptyline,Antidepressant,,,,,,,,,,,,,,,,,,,,,,,,,,,,,,
Vrethem 1997,Maprotiline 75mg (people with diabetes),Maprotiline ,Antidepressant,,,,,,,,,,,,,,,,,,,,,,,,,,,,,,
Vrethem 1997,Maprotiline 75mg (people without diabetes),Maprotiline ,Antidepressant,,,,,,,,,,,,,,,,,,,,,,,,,,,,,,
Vrethem 1997,Placebo (people with diabetes),Placebo,Placebo,,,,,,,,,,,,,,,,,,,,,,,,,,,,,,
Vrethem 1997,Placebo (people without diabetes),Placebo,Placebo,,,,,,,,,,,,,,,,,,,,,,,,,,,,,,
Tetreault 2018,Placebo,NA,Placebo,,,,,,,,,,,,,,,,,30,6,,,,,,,,,,,,
Tetreault 2018,Duloxetine 60mg,Duloxetine,Antidepressant,,,,,,,,,,,,,,,,,31.6,6,,,,,,,,,,,,
SarziPuttini 1988,Placebo,NA,Placebo + Ibuprofen 1800mg,,,,,,,,,,,,,,,,,,,,,,,,,,,,,,
SarziPuttini 1988,Dothiepin 75mg,Dothiepin,Antidepressant + Ibuprofen 1800mg,,,,,,,,,,,,,,,,,,,,,,,,,,,,,,
Gilron 2016,Placebo,Placebo,Placebo,,,,,,,,,,,,,,,,,,,,,,,,,,,,,,
Gilron 2016,Pregabalin ≥450mg,Pregabalin,Anticonvulsant,,,,,,,,,,,,,,,,,,,,,,,,,,,,,,
Gilron 2016,Duloxetine ≥120mg,Duloxetine,Antidepressant,,,,,,,,,,,,,,,,,,,,,,,,,,,,,,
Gilron 2016,Pregabalin ≥450mg + Duloxetine ≥120mg,Pregabalin and Duloxetine,Anticonvulsant + Antidepressant,,,,,,,,,,,,,,,,,,,,,,,,,,,,,,
Rowbotham 2005,Desipramine - 25-150mg,Desipramine,Antidepressant,,,,,,,,,,,,,,,,,,,,,,,,,,,,,,
Rowbotham 2005,Amitriptyline - 25-150mg,Amitriptyline,Antidepressant,,,,,,,,,,,,,,,,,,,,,,,,,,,,,,
Rowbotham 2005,Fluoxetine - 10-60mg,Fluoxetine,Antidepressant,,,,,,,,,,,,,,,,,,,,,,,,,,,,,,
Sindrup 2003,Placebo,NA,Placebo,,,,,,,,,,,,,,,,,,,,,,,,,,,,,,
Sindrup 2003,Venlafaxine 250mg,Venlafaxine,Antidepressant,,,,,,,,,,,,,,,,,,,,,,,,,,,,,,
Sindrup 2003,Imipramine 150mg,Imipramine,Antidepressant,,,,,,,,,,,,,,,,,,,,,,,,,,,,,,
Tanum 1996,Placebo,Placebo,Placebo,,,,,,,,,,,,,,,,,,,,,,,,,,,,,,
Tanum 1996,Mianserin - 120mg,Mianserin,Antidepressant,,,,,,,,,,,,,,,,,,,,,,,,,,,,,,
Petzke 2013,Placebo,Placebo,Placebo,,,,,,,,,,,,,,,,,87,40,,,,,,,,,,,,
Petzke 2013,Milnacipran - 200mg,Milnacipran,Antidepressant,,,,,,,,,,,,,,,,,97.8,45,,,,,,,,,,,,
Luo 2009,Placebo,Placebo,Placebo,,,,,,,,,,,,,,,,,,,,,,,,,,,,,,
Luo 2009,Fluoxetine - 20mg,Fluoxetine,Antidepressant,,,,,,,,,,,,,,,,,,,,,,,,,,,,,,
Maarrawi 2018,Placebo,Placebo,Placebo,,,,,,,,,,,,,,,,,0,0,,,,,,,,,,,,
Maarrawi 2018,Amitriptyline - 5mg,Amitriptyline,Antidepressant,,,,,,,,,,,,,,,,,7.14,8,,,,,,,,,,,,
Nct 2011,Placebo,Placebo,Placebo,,,,,,,,,,,,,,,,,0,0,,,,,,,,,,,,
Nct 2011,Milnacipran - 100mg-200mg,Milnacipran,Antidepressant,,,,,,,,,,,,,,,,,34.62,9,,,,,,,,,,,,
Hadianfard 2012,Acupuncture,Acupuncture,Acupuncture,,,,,,,,,,,,,,,,,,,,,,,,,,,,,,
Hadianfard 2012,Fluoxetine - 20mg,Fluoxetine,Antidepressant,,,,,,,,,,,,,,,,,,,,,,,,,,,,,,
Trugman 2014,Placebo,Placebo, Placebo,,,,,,,,,,,,,,,,,73.9,,,,,,,,,,,,,
Trugman 2014,Milnacipran - 100-200mg,Milnacipran,Antidepressant,,,,,,,,,,,,,,,,,81,,,,,,,,,,,,,
Pakfetrat 2019,Crocin - 30mg,Crocin,Medicinal plant,,,,,,,,,,,,,,,,,0,0,,,,,,,,,,,,
Pakfetrat 2019,Citalopram - 20mg,Citalopram,Antidepressant,,,,,,,,,,,,,,,,,,,,,,,,,,,,,,
Johansson 1979,Placebo,Placebo,Placebo,,,,,,,,,,,,,,,,,,,,,,,,,,,,,,
Johansson 1979,Zimelidine - 200mg,Zimelidine,Antidepressant,,,,,,,,,,,,,,,,,,,,,,,,,,,,,,
Wernicke 2006,Placebo,NA,Placebo,,,,,,,,,,,,,,,,,73.1,79,,,,,,,,,,,,
Wernicke 2006,Duloxetine 60mg,Duloxetine,Antidepressant,,,,,,,,,,,,,,,,,89.5,102,,,,,,,,,,,,
Wernicke 2006,Duloxetine 120mg,Duloxetine,Antidepressant,,,,,,,,,,,,,,,,,85.7,96,,,,,,,,,,,,
Rowbotham 2004,Placebo,Placebo,Placebo,,,,,,,,,,,,,,,,,75,,,,,,,,,,,,,
Rowbotham 2004,Venlafaxine - 75mg,Venlafaxine,Antidepressant,,,,,,,,,,,,,,,,,88,,,,,,,,,,,,,
Rowbotham 2004,Venlafaxine - 150-225mg,Venlafaxine,Antidepressant,,,,,,,,,,,,,,,,,89,,,,,,,,,,,,,
Frakes 2011,Placebo,Placebo,Placebo,,,,,,,,,,,,,,,,,50,130,,,,,,,,,,,,
Frakes 2011,Duloxetine - 60-120mg,Duloxetine,Antidepressant,,,,,,,,,,,,,,,,,63.3,167,,,,,,,,,,,,
Masand 2009,Placebo,Placebo,Placebo,,,,,,,,,,,,,,,,,,,,,,,,,,,,,,
Masand 2009,Paroxetine-CR - 12.5-50mg,Paroxetine Controlled Release,Antidepressant,,,,,,,,,,,,,,,,,,,,,,,,,,,,,,
Keefe 2011,Placebo,Placebo,Placebo,,,,,,,,,,,,,,,,,17,,,,,,,,,,,,,
Keefe 2011, Sertraline,Sertraline,Antidepressant,,,,,,,,,,,,,,,,,33,,,,,,,,,,,,,
Keefe 2011,CST + placebo,Coping skills training + placebo,Psychological therapy + placebo,,,,,,,,,,,,,,,,,24,,,,,,,,,,,,,
Keefe 2011,CST + sertraline,Coping skills training + sertraline,Psychological therapy + antidepressant,,,,,,,,,,,,,,,,,26,,,,,,,,,,,,,
Smith 2013,Placebo,NA,Placebo,,,,,,,,,,,,,,,,,,,,,,,,,,,,,,
Smith 2013,Duloxetine - 60mg,Duloxetine,Antidepressant,,,,,,,,,,,,,,,,,,,,,,,,,,,,,,
Zakerkish 2017,Nortriptyline - 25-75mg,Nortriptyline,Antidepressant,,,,,,,,,,,,,,,,,,,,,,,,,,,,,,
Zakerkish 2017,Duloxetine - 30-60mg,Duloxetine,Antidepressant,,,,,,,,,,,,,,,,,,,,,,,,,,,,,,
Agger 2017,Placebo,NA,Placebo,,,,,,,,,,,20,12,,,,,,,,,,,,,28,17,5,3,,
Agger 2017,Imipramine - 25-75mg,Imipramine,Antidepressant,,,,,,,,,,,55,36,,,,,,,,,,,,,11,7,6,4,,
Wolfe 1994,Placebo,NA,Placebo,,,,,,,,,,,,,,,,,,,,,,,,,,,,,,
Wolfe 1994,Fluoxetine - 20mg,Fluoxetine,Antidepressant,,,,,,,,,,,,,,,,,,,,,,,,,,,,,,
Ventafridda 1987,Amitriptyline 75mg,"	Amitriptyline",Antidepressant,,,,,,,,,,,,,,,,,,,,,,,,,,,,,,
Ventafridda 1987,Trazodone 225mg,"	Trazodone",Antidepressant,,,,,,,,,,,,,,,,,,,,,,,,,,,,,,
Max 1988,Placebo,NA,Placebo,,,,,,,,,,,,,,,,,72,,,,,,,,,,,,,
Max 1988,Amitriptyline (12.5-150mg),Amitriptyline,Antidepressant,,,,,,,,,,,,,,,,,88,,,,,,,,,,,,,
Max 1988,Lorazepam (0.5-6mg),Lorazepam,Benzodiazepine,,,,,,,,,,,,,,,,,98,,,,,,,,,,,,,
Katz 2005,Placebo,NA,Placebo ,,,,,,,,,,,,,,,,,,,,,,,,,,,,,,
Katz 2005,Bupropion SR,Bupropion,Antidepressant,,,,,,,,,,,,,,,,,,,,,,,,,,,,,,
Jose 2007,Lamotrigine 50-200mg,"	Lamotrigine ",Anticonvulsant,,,,,,,,,,,,,,,,,75,33,,,,,,,,,,,,
Jose 2007,Amitriptyline 10-50mg,"	Amitriptyline",Antidepressant,,,,,,,,,,,,,,,,,25,11,,,,,,,,,,,,
Kaur 2011,Amitriptyline 10-50mg,Amitriptyline,Antidepressant,,,,,,,,,,,,,,,,,,,,,,,,,,,,,,
Kaur 2011,Duloxetine 20-60mg,Duloxetine,Antidepressant,,,,,,,,,,,,,,,,,,,,,,,,,,,,,,
Holbech 2015,Placebo,NA,Placebo,,,,,,,,,,,,,,,,,,,,,,,,,,,,,,
Holbech 2015,Pregabalin - 300mg,Pregabalin,Anticonvulsant,,,,,,,,,,,,,,,,,,,,,,,,,,,,,,
Holbech 2015,Imipramine - 25-75mg,Imipramine,Antidepressant,,,,,,,,,,,,,,,,,,,,,,,,,,,,,,
Holbech 2015,Combination,Imipramine + Pregabalin,Anticonvulsant + Antidepressant,,,,,,,,,,,,,,,,,,,,,,,,,,,,,,
Sindrup 1990,Placebo,NA,Placebo,,,,,,,,,,,,,,,,,,,,,,,,,,,,,,
Sindrup 1990,Paroxetine,Paroxetine,Antidepressant,,,,,,,,,,,,,,,,,,,,,,,,,,,,,,
Sindrup 1990,Imipramine,Imipramine,Antidepressant,,,,,,,,,,,,,,,,,,,,,,,,,,,,,,
Hameroff 1984,Placebo,NA,Placebo,,,,,,,,,,,,,,,,,,,,,,,,,,,,,,
Hameroff 1984,Doxepin ≤300mg,Doxepin,Antidepressant,,,,,,,,,,,,,,,,,,,,,,,,,,,,,,
Jia 2006,Venlafaxine 50mg,Venlafaxine,Antidepressant,,,,,,,,,,,,,,,,,43.9,29,,,,,,,,,,,,
Jia 2006,Carbamazepine 0.2mg,NA,Anticonvulsant,,,,,,,,,,,,,,,,,25.8,17,,,,,,,,,,,,
Pirbudak 2003,Epidural injection + placebo,NA,Epidural injection + placebo,,,,,,,,,,,,,,,,,,,,,,,,,,,,,,
Pirbudak 2003,Epidural injection + amitriptyline (10-50mg),Amitriptyline,Epidural injection + antidepressant,,,,,,,,,,,,,,,,,,,,,,,,,,,,,,
Ginsberg 1996,Placebo,NA,Placebo,,,,,,,,,,,,,,,,,0,0,,,,,,,,,,,,
Ginsberg 1996,Amitriptyline 25mg,Amitriptyline,Antidepressant,,,,,,,,,,,,,,,,,29,7,,,,,,,,,,,,
Isomeri 1993,Physiotherapy and amitriptyline 25mg (A),Amitriptyline,Physiotherapy and antidepressant,,,,,,,,,,,,,,,,,,,,,,,,,,,,,,
Isomeri 1993,Physical fitness training only (B),NA,Cardiovascular fitness training,,,,,,,,,,,,,,,,,,,,,,,,,,,,,,
Isomeri 1993,Physical fitness training and amitriptyline 25mg (C),Amitriptyline,Cardiovascular fitness training and amitriptyline,,,,,,,,,,,,,,,,,,,,,,,,,,,,,,
Grace 1985,Placebo,NA,Placebo,,,,,,,,,,,,,,,,,,,,,,,,,,,,,,
Grace 1985,Amitriptyline 50-75mg,Amitriptyline,Antidepressant,,,,,,,,,,,,,,,,,,,,,,,,,,,,,,
Heymann 2001,Amitriptyline 25mg,Amitriptyline,Antidepressant,,,,,,,,,,,,,,,,,,,,,,,,,,,,,,
Heymann 2001,Nortriptyline 25mg,Nortriptyline,Antidepressant,,,,,,,,,,,,,,,,,,,,,,,,,,,,,,
Heymann 2001,Placebo,NA,Placebo,,,,,,,,,,,,,,,,,,,,,,,,,,,,,,
Creed 2003,Psychotherapy,NA,Psychological therapy,,,,,,,,,,,,,,,,,,,,,,,,,,,,,,
Creed 2003,Paroxetine 20mg,Paroxetine,Antidepressant,,,,,,,,,,,,,,,,,,,,,,,,,,,,,,
Creed 2003,Usual treatment,NA,Usual care,,,,,,,,,,,,,,,,,,,,,,,,,,,,,,
Russell 2008,Placebo,NA,Placebo,,,,,,,77.1,111,81.9,118,,,,,,,,,,,,,,,,,,,,
Russell 2008,Duloxetine - 20 then 60mg,Duloxetine,Antidepressant,,,,,,,83.5,66,86.1,68,,,,,,,,,,,,,,,,,,,,
Russell 2008,Duloxetine - 60mg,Duloxetine,Antidepressant,,,,,,,82.7,124,85.3,128,,,,,,,,,,,,,,,,,,,,
Russell 2008,Duloxetine - 120mg,Duloxetine,Antidepressant,,,,,,,89.1,131,89.8,132,,,,,,,,,,,,,,,,,,,,
Urquhart 2018,Benzotropine mesylate 1mg,NA,Active placebo,,,,,,,,,,,,,,,,,,,,,,,,,,,,,31.8,
Urquhart 2018,Amitriptyline 25mg,Amitriptyline,Antidepressant,,,,,,,,,,,,,,,,,,,,,,,,,,,,,26.5,
Hannonen 1998,Moclobemide 450mg,Moclobemide,Antidepressant,,,,,,,,,,,,,,,,,77,,,,,,,,,,,,,
Hannonen 1998,Amitriptyline 25mg,Amitriptyline,Antidepressant,,,,,,,,,,,,,,,,,74,,,,,,,,,,,,,
Hannonen 1998,Placebo,NA,Placebo,,,,,,,,,,,,,,,,,80,,,,,,,,,,,,,
Kim 2013,Placebo,NA,Placebo,,,,,,,,,,,,,,,,,90,18,,,,,,,,,,,,
Kim 2013,Milnacipran (12.5 - 200mg),Milnacipran,Antidepressant,,,,,,,,,,,,,,,,,60,12,,,,,,,,,,,,
Schukro 2016,Placebo,NA,Placebo,,,,,,,,,,,,,,,,,62,18,,,,,,,,,,,,
Schukro 2016,Duloxetine ≤120mg,Duloxetine,Antidepressant,,,,,,,,,,,,,,,,,65,20,,,,,,,,,,,,
Raskin 2005,Placebo,NA,Placebo,,,,,,,,,,,,,,,,,49.1,57,,,,,,,,,,,,
Raskin 2005,Duloxetine 60mg (60mgQD),Duloxetine,Antidepressant,,,,,,,,,,,,,,,,,61.2,71,,,,,,,,,,,,
Raskin 2005,Duloxetine 120mg (60mgBID),Duloxetine,Antidepressant,,,,,,,,,,,,,,,,,62.9,73,,,,,,,,,,,,
Norregaard 1995,Placebo,NA,Placebo,,,,,,,,,,,,,,,,,,,,,,,,,,,,,,
Norregaard 1995,Citalopram - 20-40mg,Citalopram,Antidepressant,,,,,,,,,,,,,,,,,,,,,,,,,,,,,,
Calderon 2011,Placebo only,NA,Placebo,,,,,,,,,,,,,,,,,,,,,,,,,,,,,,
Calderon 2011,Placebo and CBT,N,Placebo + cognitive behavioural therapy,,,,,,,,,,,,,,,,,,,,,,,,,,,,,,
Calderon 2011,Amitriptyline - 25mg,Amitriptyline,Antidepressant,,,,,,,,,,,,,,,,,,,,,,,,,,,,,,
Calderon 2011,Amitriptyline - 25mg and CBT,Amitriptyline,Antidepressant and psychological therapy,,,,,,,,,,,,,,,,,,,,,,,,,,,,,,
Leijon 1989,Placebo,NA,Placebo,,,,,,,,,,,,,,,,,46.67,7,,,,,,,,,,,,
Leijon 1989,Amitriptyline 75mg,Amitriptyline,Antidepressant,,,,,,,,,,,,,,,,,93.34,14,,,,,,,,,,,,
Leijon 1989,Carbamazepine 800mg,NA,Anticonvulsant,,,,,,,,,,,,,,,,,85.71,12,,,,,,,,,,,,
Shakiba 2018,Saffron 15mg,NA,Active comparator,,,,,,,,,,,,,,,,,,,,,,,,,,,,,,
Shakiba 2018,Duloxetine 30mg,Duloxetine,Antidepressant,,,,,,,,,,,,,,,,,,,,,,,,,,,,,,
Yeephu 2013,Placebo,N,Placebo,,,,,,,,,,,,,,,,,100,13,,,,,,,,,,,,
Yeephu 2013,Mirtazapine 15mg,Mirtazapine,Antidepressant,,,,,,,,,,,,,,,,,100,13,,,,,,,,,,,,
Yeephu 2013,Mirtazapine 30mg,N,Antidepressant,,,,,,,,,,,,,,,,,100,14,,,,,,,,,,,,
Suttiruksa 2016,Placebo,NA,Placebo,,,,,,,,,,,,,,,,,,,,,,,,,,,,,,
Suttiruksa 2016,Mirtazapine 15mg,Mirtazapine,Antidepressant,,,,,,,,,,,,,,,,,,,,,,,,,,,,,,
Suttiruksa 2016,Mirtazapine 30mg,Mirtazapine,Antidepressant,,,,,,,,,,,,,,,,,,,,,,,,,,,,,,
Goldstein 2005,Placebo,NA,Placebo,,,,,,,,,,,,,,,,,,,,,,,,,,,,,,
Goldstein 2005,Duloxetine 20mg,Duloxetine,Antidepressant,,,,,,,,,,,,,,,,,,,,,,,,,,,,,,
Goldstein 2005,Duloxetine 60mg,Duloxetine,Antidepressant,,,,,,,,,,,,,,,,,,,,,,,,,,,,,,
Goldstein 2005,Duloxetine 120mg,Duloxetine,Antidepressant,,,,,,,,,,,,,,,,,,,,,,,,,,,,,,
Murakami 2015,Placebo,NA,Placebo,,,,,,,,,,,,,,,,,62.8,123,,,,,,,,,,,,
Murakami 2015,Duloxetine - 60mg,Duloxetine,Antidepressant,,,,,,,,,,,,,,,,,76.3,148,,,,,,,,,,,,
Patkar 2007,Placebo,NA,Placebo,,,,,,,,,,,,,,,,,58.6,34,,,,,,,,,,,,
Patkar 2007,Paroxetine CR (12.5-62.5mg),Paroxetine,Antidepressant,,,,,,,,,,,,,,,,,65.5,38,,,,,,,,,,,,
Robinson 2004,Benztropine mesylate (Active placebo),Benztropine mesylate,Active placebo,,,,,,,,,,,,,,,,,,,,,,,,,,,,,,
Robinson 2004,Amitriptyline ≤125mg,Amitriptyline,Antidepressant,,,,,,,,,,,,,,,,,,,,,,,,,,,,,,
Forssell 2004,Venlafaxine 37.5 - 75mg,Venlafaxine,Antidepressant,,,,,,,,,,,,,,,,,,,,,,,,,,,,,,
Forssell 2004,Placebo,NA,Placebo,,,,,,,,,,,,,,,,,,,,,,,,,,,,,,
Joharchi 2019,Duloxetine 30-60mg,Duloxetine,Antidepressant,,,,,,,,,,,,,,,,,74,67,,,,,,,,,,,,
Joharchi 2019,Pregabalin 150-300mg,Pregabalin,Anticonvulsant,,,,,,,,,,,,,,,,,37,34,,,,,,,,,,,,
Yucel 2005,Placebo,NA,Placebo,,,,,,,,,,,,,,,,,55,11,,,,,,,,,,,,
Yucel 2005,Venlafaxine 75mg,Venlafaxine,Antidepressant,,,,,,,,,,,,,,,,,45,9,,,,,,,,,,,,
Yucel 2005,Venlafaxine 150mg,Venlafaxine,Antidepressant,,,,,,,,,,,,,,,,,70,14,,,,,,,,,,,,
Tasmuth 2002,Placebo,NA,Placebo,,,,,,,,,,,,,,,,,,,,,,,,,,,,,,
Tasmuth 2002,Venlafaxine 37.5 mg,,Antidepressant,,,,,,,,,,,,,,,,,,,,,,,,,,,,,,
Tasmuth 2002,Placebo 2,NA,Placebo,,,,,,,,,,,,,,,,,,,,,,,,,,,,,,
Tasmuth 2002,Venlafaxine 75mg,Venlafaxine,Antidepressant,,,,,,,,,,,,,,,,,,,,,,,,,,,,,,
Vranken 2011,Placebo,NA,Placebo,,,,,,,,,,,,,,,,,,,,,,,,,,,,,,
Vranken 2011,Duloxetine (60-120mg),Duloxetine,Antidepressant,,,,,,,,,,,,,,,,,,,,,,,,,,,,,,
Staud 2015,Placebo,NA,Placebo,,,,,,,,,,,,,,,,,,,,,,,,,,,,,,
Staud 2015,Milnacipran 100mg,Milnacipran,Antidepressant,,,,,,,,,,,,,,,,,,,,,,,,,,,,,,
Lee 2016,Placebo,NA,Placebo,,,,,,,,,,,,,,,,,19.51,8,,,,,,,,,,,,
Lee 2016,Milnacipran 100mg,Milnacipran,Antidepressant,,,,,,,,,,,,,,,,,41.46,17,,,,,,,,,,,,
Mease 2009,Placebo,NA,Placebo,,,,,,,,,,,,,,,,,85.2,,,,,,,,,,,,,
Mease 2009,Milnacipran 100mg,Milnacipran,Antidepressant,,,,,,,,,,,,,,,,,83.9,,,,,,,,,,,,,
Mease 2009,Milnacipran 200mg,Milnacipran,Antidepressant,,,,,,,,,,,,,,,,,90.7,,,,,,,,,,,,,
Razazian 2014,Carbamazepine 400mg/day,Carbamazepine ,Anticonvulsant,,,,,,,,,,,,,,,,,12.9,11,,,,,,,,,,,,
Razazian 2014,Pregabalin 150mg/day,Pregabalin ,Anticonvulsant,,,,,,,,,,,,,,,,,73.2,63,,,,,,,,,,,,
Razazian 2014,Venlafaxine 150mg/day,Venlafaxine ,Antidepressant,,,,,,,,,,,,,,,,,63.9,55,,,,,,,,,,,,
Natelson 2015,Placebo,NA,Placebo,,,,,,,,,,,,,,,,,,,,,,,,,,,,,,
Natelson 2015,Milnacipran 100mg,Milnacipran,Antidepressant,,,,,,,,,,,,,,,,,,,,,,,,,,,,,,
Majdinasab 2019,Gabapentin - 300-900mg,Gabapentin,Anticonvulsant,,,,,,,,,,,,,,,,,17.3,9,,,,,,,,,,,,
Majdinasab 2019,Duloxetine - 30-60mg,Duloxetine,Antidepressant,,,,,,,,,,,,,,,,,3.9,2,,,,,,,,,,,,
Gilron 2015,Morphine,NA,Painkiller,,,,,,,,,,,,,,,,,,,,,,,,,,,,,,
Gilron 2015,Nortriptyline,"Nortriptyline	",Antidepressant,,,,,,,,,,,,,,,,,,,,,,,,,,,,,,
Gilron 2015,Nortriptyline + Morphine,"Nortriptyline	",Combination painkiller and antidepressant,,,,,,,,,,,,,,,,,,,,,,,,,,,,,,
Gao 2010,Placebo,NA,Placebo,,,,,,,,,,,,,,,,,71.6,78,,,,,,,,,,,,
Gao 2010,Duloxetine - 60-120mg,Duloxetine,Antidepressant,,,,,,,,,,,,,,,,,81.1,86,,,,,,,,,,,,
Skljarevski 2010,Placebo,NA,Placebo,,,,,,,,,,,,,,,,,48.76,59,,,,,,,,,,,,
Skljarevski 2010,Duloxetine - 60-120mg,Duloxetine,Antidepressant,,,,,,,,,,,,,,,,,62.61,72,,,,,,,,,,,,
Matthey 2013,Placebo,NA,Placebo,,,,,,,,,,,,,,,,,,,,,,,,,,,,,,
Matthey 2013,Milnacipran - 100-200mg,Milnacipran,Antidepressant,,,,,,,,,,,,,,,,,,,,,,,,,,,,,,
Gould 2020,Placebo,Benztropine mesylate,Active placebo,,,,,,,,,,,,,,,,,35.3,6,,,,,,,,,,,,
Gould 2020,Desipramine,Desipramine hydrochloride,Antidepressant,,,,,,,,,,,,,,,,,70.6,12,,,,,,,,,,,,
Gould 2020,Placebo + CBT,Benztropine mesylate and Cognitive Behavioural Therapy (CBT),Active placebo + psychological therapy,,,,,,,,,,,,,,,,,40,8,,,,,,,,,,,,
Gould 2020,Desipramine + CBT,Desipramine hydrochloride and Cognitive Behavioural Therapy (CBT),Antidepressant + psychological therapy,,,,,,,,,,,,,,,,,43.8,7,,,,,,,,,,,,
Gilron 2009,Gabapentin,Gabapentin,Anticonvulsant,,,,,,,,,,,,,,,,,,,,,,,,,,,,,,
Gilron 2009,Nortriptyline,"	Nortriptyline",Antidepressant,,,,,,,,,,,,,,,,,,,,,,,,,,,,,,
Gilron 2009,Gabapentin + Nortriptyline,Gabapentin + Nortriptyline,Anticonvulsant + Antidepressant,,,,,,,,,,,,,,,,,,,,,,,,,,,,,,
Yasuda 2011,Placebo,NA,Placebo,,,,,,,,,,,,,,,,,73.7,123,,,,,,,,,,,,
Yasuda 2011,Duloxetine - 40mg,Duloxetine,Antidepressant,,,,,,,,,,,,,,,,,84.7,72,,,,,,,,,,,,
Yasuda 2011,Duloxetine - 60mg,Duloxetine,Antidepressant,,,,,,,,,,,,,,,,,84.9,73,,,,,,,,,,,,
Skljarevski 2010,Placebo,NA,Placebo,,,,,,,,,,,,,,,,,,,,,,,55.17,112,,,,,,
Skljarevski 2010,Duloxetine 60mg,Duloxetine,Antidepressant,,,,,,,,,,,,,,,,,,,,,,,62.12,123,,,,,,
Wang 2017,Placebo,NA,Placebo,,,,,,,,,,,,,,,,,42.42,84,,,,,,,,,,,,
Wang 2017,Duloxetine - 60mg,Duloxetine,Antidepressant,,,,,,,,,,,,,,,,,61.31,122,,,,,,,,,,,,
Macfarlane 1986,Placebo,NA,Placebo,,,,,,,,,,,,,,,,,,,,,,,,,,,,,,
Macfarlane 1986,Trimipramine - 25-75mg,Trimipramine ,Antidepressant,,,,,,,,,,,,,,,,,,,,,,,,,,,,,,
Iwaki 2020,Placebo,NA,Placebo,,,,,,,,,,,,,,,,,,,,,,,,,,,,,,
Iwaki 2020,Duloxetine - 40mg,Duloxetine,Antidepressant,,,,,,,,,,,,,,,,,,,,,,,,,,,,,,
Sofat 2016,Placebo,NA,Placebo,,,,,,,,,,,,,,,,,,,,,,,,,,,,,,
Sofat 2016,Pregabalin 300mg,Pregabalin,Anticonvulsant,,,,,,,,,,,,,,,,,,,,,,,,,,,,,,
Sofat 2016,Duloxetine 60mg,Duloxetine,Antidepressant,,,,,,,,,,,,,,,,,,,,,,,,,,,,,,
Bird 2000,Paroxetine 20-40mg,Paroxetine,Antidepressant,,,,,,,,,,,,,,,,,56,53,,,,,,,,,,,,
Bird 2000,Amitriptyline 75-150mg,Amitriptyline,Antidepressant,,,,,,,,,,,,,,,,,67.7,65,,,,,,,,,,,,
Lipone 2020,Placebo + Gabapentin - 2400mg,NA,Placebo + Anticonvulsant,,,,,,,,,,,,,,,41.7,20,,,,,,,,,,,,,,
Lipone 2020,Trazodone - 30mg + Gabapentin - 2400mg,Trazodone,Antidepressant + anticonvulsant,,,,,,,,,,,,,,,62.8,27,,,,,,,,,,,,,,
Lipone 2020,Trazodone - 60mg + Gabapentin - 2400mg,Trazodone,Antidepressant + Anticonvulsant,,,,,,,,,,,,,,,41.2,21,,,,,,,,,,,,,,
Foster 2010,Placebo,Placebo,Placebo tablet + placebo cream,,,,,,,,,,,,,,,,,,,,,,,,,,,,,,
Foster 2010,Lidocaine-Placebo,Topical lidocaine,Placebo tablet + topical  local anaesthetic,,,,,,,,,,,,,,,,,,,,,,,,,,,,,,
Foster 2010,Desipramine-Placebo,Desipramine,Antidepressant + placebo cream,,,,,,,,,,,,,,,,,,,,,,,,,,,,,,
Foster 2010,Desipramine-Lidocaine,Desipramine + topical lidocaine,Antidepressant + topical  local anaesthetic,,,,,,,,,,,,,,,,,,,,,,,,,,,,,,
Gao 2015,Placebo,NA,Placebo,,,,,,,,,,,,,,,,,35.6,72,,,,,,,,,,,,
Gao 2015,Duloxetine 60mg,Duloxetine,Antidepressant,,,,,,,,,,,,,,,,,46.5,94,,,,,,,,,,,,
Otto 2008,Placebo,NA,Placebo,,,,,,,,,,,,,,,,,,,,,,,,,,,,,,
Otto 2008,Escitalopram - 20mg,Escitalopram,Antidepressant,,,,,,,,,,,,,,,,,,,,,,,,,,,,,,
Enteshari-Moghaddam 2019,Acetaminophen - 2000mg,Paracetamol,Analgesic,,,,,,,,,,,,,,,,,0,0,,,,,,,,,,,,
Enteshari-Moghaddam 2019,Duloxetine - 60mg,Duloxetine ,Antidepressant,,,,,,,,,,,,,,,,,16,8,,,,,,,,,,,,
Enteshari-Moghaddam 2019,Gabapentin - 600mg,Gabapentin,Anticonvulsant,,,,,,,,,,,,,,,,,18,9,,,,,,,,,,,,
Loldrup 1989,Placebo,NA,Placebo,,,,,,,,,,,,,,,,,,,,,,,,,,,,,,
Loldrup 1989,Clomipramine (75-150mg),Clomipramine,Antidepressant,,,,,,,,,,,,,,,,,,,,,,,,,,,,,,
Loldrup 1989,Mianserin (30-60mg),Mianserin,Antidepressant,,,,,,,,,,,,,,,,,,,,,,,,,,,,,,
Nct 2006,Pregabalin,Pregabalin,Anticonvulsant,,,,,,,,,,,,,,,,,,,,,,,,,,,,,,
Nct 2006,Amitriptyline,"Amitriptyline	",Antidepressant,,,,,,,,,,,,,,,,,,,,,,,,,,,,,,
Nct 2006,Duloxetine,"Duloxetine
",Antidepressant,,,,,,,,,,,,,,,,,,,,,,,,,,,,,,
Atkinson 1999,Maprotiline (50-150mg),Maprotiline,Antidepressant,,,,,,,,,,,,,,,,,,,90,18,,,,,,,,,,
Atkinson 1999,Paroxetine (10-30mg),Paroxetine,Antidepressant,,,,,,,,,,,,,,,,,,,90.9,20,,,,,,,,,,
Atkinson 1999,Diphenhydramine (active placebo),NA,Active placebo,,,,,,,,,,,,,,,,,,,96.9,31,,,,,,,,,,
Foster 2010,Placebo,NA,Placebo,,,,,,,,,,,,,,,,,72,98,,,,,,,,,,,,
Foster 2010,Amitriptyline 25-75mg,Amitriptyline,Antidepressant,,,,,,,,,,,,,,,,,88,119,,,,,,,,,,,,
Chappell 2008,Placebo,NA,Placebo,,,,,,,,,,,,,,,,,81.5,137,,,,,,,,,,,,
Chappell 2008,Duloxetine 60-120mg),Duloxetine,Antidepressant,,,,,,,,,,,,,,,,,89.5,145,,,,,,,,,,,,
Tesfaye 2013,Pregabalin,Pregabalin,Anticonvulsant,,,,,,,,,,,,,,,,,57.6,232,,,,,,,,,,,,
Tesfaye 2013,Duloxetine 60mg,Duloxetine,Antidepressant,,,,,,,,,,,,,,,,,55.6,223,,,,,,,,,,,,
Engel 1998,Placebo,NA,Placebo,,,,,,,,,,,,,,,,,,,,,,,,,,,,,,
Engel 1998,Sertraline,Sertraline,Antidepressant,,,,,,,,,,,,,,,,,,,,,,,,,,,,,,
Chappell 2009,Duloxetine 60mg,Duloxetine,Antidepressant,,,,,,,,,,,,,,,,,85.6,89,,,,,,,,,,,,
Chappell 2009,Duloxetine 120mg,Duloxetine,Antidepressant,,,,,,,,,,,,,,,,,88.2,179,,,,,,,,,,,,
Uchio 2018,Placebo,NA,Placebo,14.8,26,,,,,,,,,,,,,,,55.7,98,,,,,,,,,,,,
Uchio 2018,Duloxetine 60mg,Duloxetine,Antidepressant,43.3,77,,,,,,,,,,,,,,,67.4,120,,,,,,,,,,,,
Nct 2015,Pregabalin - 300–600 mg,Pregabalin,Anticonvulsant,,,,,,,,,,,,,,,,,35.8,54,,,,,,,,,,,,
Nct 2015,Duloxetine - 40–60 mg,Duloxetine,Antidepressant,,,,,,,,,,,,,,,,,29.6,45,,,,,,,,,,,,
deZanette 2014,Melatonin 10mg,Melatonin,Hormone,,,,,23.8,5,,,,,,,,,,,,,,,,,,,,,,,,
deZanette 2014,Amitriptyline 25mg,Amitriptyline,Antidepressant,,,,,38.09,8,,,,,,,,,,,,,,,,,,,,,,,,
deZanette 2014,Melatonin 10mg + Amitriptyline 25mg,Melatonin and Amitriptyline,Combination of hormone and antidepressant,,,,,14,3,,,,,,,,,,,,,,,,,,,,,,,,
Chappell 2011,Placebo,NA,Placebo,,,,,32.8,42,,,,,,,,,,,,,,,,,,,,,,,,
Chappell 2011,Duloxetine (60-120mg),Duloxetine,Antidepressant,,,,,50.8,65,,,,,,,,,,,,,,,,,,,,,,,,
Chappell 2009,Placebo,NA,Placebo,,,,,,,,,,,,,,,,,40.8,49,,,,,,,,,,,,
Chappell 2009,Duloxetine 60-120mg,Duloxetine,Antidepressant,,,,,,,,,,,,,,,,,49.5,55,,,,,,,,,,,,
Carette 1986,Placebo,NA,Placebo,,,,,,,,,,,,,,,,,12,4,,,,,,,,,,,,
Carette 1986,Amitriptyline - 10-50mg,Amitriptyline,Antidepressant,,,,,,,,,,,,,,,,,70,19,,,,,,,,,,,,
Arnold 2012,Placebo,NA,Placebo,,,,,,,,,,,,,,,,,51.6,,,,,,,,,,,,,
Arnold 2012,Duloxetine - 30mg,Duloxetine,Antidepressant,,,,,,,,,,,,,,,,,64.5,,,,,,,,,,,,,
Arnold 2005,Placebo,NA,Placebo,,,,,,,,,,,,,,,,,79.2,95,,,,,,,,,,,,
Arnold 2005,Duloxetine - 60mg,Duloxetine,Antidepressant,,,,,,,,,,,,,,,,,92.4,109,,,,,,,,,,,,
Arnold 2005,Duloxetine - 120mg,Duloxetine,Antidepressant,,,,,,,,,,,,,,,,,90.5,105,,,,,,,,,,,,
Arnold 2004,Placebo,NA,Placebo,,,,,,,,,,,,,,,,,74.8,77,,,,,,,,,,,,
Arnold 2004,Duloxetine - 120mg,Duloxetine,Antidepressant,,,,,,,,,,,,,,,,,90.4,94,,,,,,,,,,,,
Cardenas 2002,Placebo,Benztropine mesylate,Active placebo,,,,,,,,,,,,,,,,,90,36,,,,,,,,,,,,
Cardenas 2002,Amitriptyline - 10-125 mg,Amitriptyline,Antidepressant,,,,,,,,,,,,,,,,,97.7,43,,,,,,,,,,,,
Carette 1994,Placebo,NA,Placebo,,,,,,,,,,,,,62,,,,,,,,,,,,,,,,,
Carette 1994,Amitriptyline - 25-50mg,Amitriptyline,Antidepressant,,,,,,,,,,,,,95,,,,,,,,,,,,,,,,,
Carette 1994,Cyclobenzaprine - 20-30mg,NA,Skeletal Muscle Relaxant,,,,,,,,,,,,,98,,,,,,,,,,,,,,,,,
Brown 2015,Placebo,NA,Placebo,,,,,,,,,,,,,,,,,,,,,,,,,,,,,,
Brown 2015,Duloxetine - 60mg,Duloxetine,Antidepressant,,,,,,,,,,,,,,,,,,,,,,,,,,,,,,
Braz 2013,Placebo,NA,Placebo,,,,,,,,,,,,,,,,,,,,,,,,,,,,,,
Braz 2013,Amitriptyline - 25mg,Amitriptyline,Antidepressant,,,,,,,,,,,,,,,,,,,,,,,,,,,,,,
Braz 2013,Panax ginseng - 100mg,Panax Ginseng,Active comparator,,,,,,,,,,,,,,,,,,,,,,,,,,,,,,
Rowbotham 2012,Placebo,NA,Placeco,,,,,,,,,,,,,,,,,62.7,32,,,,,,,,,,,,
Rowbotham 2012,Duloxetine 60mg,Duloxetine,Antidepressant,,,,,,,,,,,,,,,,,73.7,42,,,,,,,,,,,,
Rowbotham 2012,ABT-894 2mg,ABT-894,Neuronal nicotinic acetylcholine receptor agonist,,,,,,,,,,,,,,,,,67.2,41,,,,,,,,,,,,
Rowbotham 2012,ABT-894 4mg,ABT-894,Neuronal nicotinic acetylcholine receptor agonist,,,,,,,,,,,,,,,,,62.5,35,,,,,,,,,,,,
Rowbotham 2012,ABT-894 8mg,ABT-894,Neuronal nicotinic acetylcholine receptor agonist,,,,,,,,,,,,,,,,,58.2,32,,,,,,,,,,,,
Dickens 2000,Placebo,NA,Placebo,,,,,,,,,,,,,,,,,,,,,,,,,,,,,,
Dickens 2000,Paroxetine 20mg,Paroxetine,Antidepressant,,,,,,,,,,,,,,,,,,,,,,,,,,,,,,
Nct 2008,Placebo,NA,Placebo,,,,,,,,,,,,,,,,,74.2,331,,,,,,,,,,,,
Nct 2008,Milnacipran 200mg,Milnacipran,Antidepressant,,,,,,,,,,,,,,,,,84.2,363,,,,,,,,,,,,
Eberhard 1988,Maprotiline (25-150mg),Maprotiline,Antidepressant,,,,,,,,,,,,,,,,,,,,,,,,,,,,,,
Eberhard 1988,Clomipramine (25-150mg),Clomipramine,Antidepressant,,,,,,,,,,,,,,,,,,,,,,,,,,,,,,
Arnold 2012,Placebo,NA,Placebo,,,,,,,,,,,,,,,,,30.7,85,,,,,,,,,,,,
Arnold 2012,Esreboxetine - 4mg,Esreboxetine,Antidepressant,,,,,,,,,,,,,,,,,57.7,158,,,,,,,,,,,,
Arnold 2012,Esreboxetine - 8mg,Esreboxetine,Antidepressant,,,,,,,,,,,,,,,,,55.7,157,,,,,,,,,,,,
Arnold 2012,Esreboxetine - 10mg,Esreboxetine,Antidepressant,,,,,,,,,,,,,,,,,57.7,162,,,,,,,,,,,,
Goldman 2010,Placebo,NA,Placebo,,,,,,,,,,,,,,,,,22,,,,,,,,,,,,,
Goldman 2010,Amitriptyline 25mg,Amitriptyline,Antidepressant,,,,,,,,,,,,,,,,,31,,,,,,,,,,,,,
Arnold 2002,Placebo,NA,Placebo,,,,,,,,,,,,,,,,,,,,,,,,,,,,,,
Arnold 2002,Fluoxetine - 10-80mg,Fluoxetine,Antidepressant,,,,,,,,,,,,,,,,,,,,,,,,,,,,,,
Arnold 2010,Placebo,NA,Placebo,,,,,,,,,,,,,,,,,75,382,,,,,,,,,,,,
Arnold 2010,Milnacipran - 100mg,Milnacipran,Antidepressant,,,,,,,,,,,,,,,,,84.1,434,,,,,,,,,,,,
Ang 2013,CBT and placebo,Cognitive behavioural therapy,Behavioural (CBT) plus placebo (sugar pill) medication,,,,,,,,,,,,,15.79,3,,,,,,,,,,,,,,,,
Ang 2013,CBT and milnacipran - 100mg,Cognitive behavioural therapy + milnacipran,Behavioural (CBT) plus antidepressant medication,,,,,,,,,,,,,45,9,,,,,,,,,,,,,,,,
Ang 2013,Education and milnacipran - 100mg,Educational telephone contacts + milnacipran ,Placebo (education) plus antidepressant medication,,,,,,,,,,,,,42.11,8,,,,,,,,,,,,,,,,
Anderberg 2000,Placebo,NA,Placebo,,,,,,,,,,,,,,,,,,,,,,,,,,,,,,
Anderberg 2000,Citalopram - 30-40mg,Citalopram,Antidepressant,,,,,,,,,,,,,,,,,,,,,,,,,,,,,,
Allen 2014,Placebo,NA,Placebo,,,,,,,,,,,,,,,,,75.6,68,,,,,,,,,,,,
Allen 2014,Desvenlafaxine - 50mg,Desvenlafaxine,Antidepressant,,,,,,,,,,,,,,,,,74.6,47,,,,,,,,,,,,
Allen 2014,Desvenlafaxine - 100mg,Desvenlafaxine,Antidepressant,,,,,,,,,,,,,,,,,74.7,65,,,,,,,,,,,,
Allen 2014,Desvenlafaxine - 200mg,Desvenlafaxine,Antidepressant,,,,,,,,,,,,,,,,,82.8,82,,,,,,,,,,,,
Allen 2014,Desvenlafaxine - 400mg,Desvenlafaxine,Antidepressant,,,,,,,,,,,,,,,,,91.3,63,,,,,,,,,,,,
Ahmed 2016,Placebo,NA,Placebo,,,,,,,,,,,,,,,,,35.7,,,,,,,,,,,,,
Ahmed 2016,Milnacipran - 100mg,Milnacipran,Antidepressant,,,,,,,,,,,,,,,,,64.2,,,,,,,,,,,,,
Ash 1999,Placebo,NA,Placebo,,,,,,,,,,,,,,,,,,,,,,,,,,,,,,
Ash 1999,Dothiepin - 75-150mg,Dothiepin,Antidepressant,,,,,,,,,,,,,,,,,,,,,,,,,,,,,,
Arnold 2010,Placebo,NA,Placebo,,,,,,,,,,,,,,,,,71.5,191,,,,,,,,,,,,
Arnold 2010,Duloxetine - 60-120mg,Duloxetine,Antidepressant,,,,,,,,,,,,,,,,,82.9,218,,,,,,,,,,,,
Atkinson 1998,Placebo,Placebo,Placebo,,,,,,,,,,,,,,,,,100,29,,,,,,,,,,,,
Atkinson 1998,Nortriptyline,Nortriptyline,Antidepressant,,,,,,,,,,,,,,,,,100,28,,,,,,,,,,,,
Arnold 2010,Placebo,NA,Placebo,,,,,,,,,,,,,,,,,57.1,76,,,,,,,,,,,,
Arnold 2010,Esreboxetine - 8mg,Esreboxetine,Antidepressant,,,,,,,,,,,,,,,,,71.6,96,,,,,,,,,,,,
Abou-Raya 2012,Placebo,NA,Placebo,,,,,,,,,,,,,,,,,,,,,,6,,,,,,,,
Abou-Raya 2012,Duloxetine - 60mg,Duloxetine HCL,Antidepressant,,,,,,,,,,,,,,,,,,,,,,9,,,,,,,,
Goodkin 1990,Placebo,NA,Placebo,,,,,,,,,,,,,,,,,,,,,,,,,,,,,,
Goodkin 1990,Trazodone ≤600mg,Trazodone,Antidepressant,,,,,,,,,,,,,,,,,,,,,,,,,,,,,,
Ginsberg 1998,Placebo,NA,Placebo,,,,,,,,,,,,,,,,,36.4,16,,,,,,,,,,,,
Ginsberg 1998,Pirlindole 150mg,Pirlindole,Antidepressant,,,,,,,,,,,,,,,,,40,18,,,,,,,,,,,,
Miki 2016,Placebo,NA,Placebo,,,,,,,,,,,,,,,,,56.7,122,,,,,,,,,,,,
Miki 2016,Mirtazapine 30mg,Mirtazapine,Antidepressant,,,,,,,,,,,,,,,,,68.8,148,,,,,,,,,,,,